{
  "49ers": "San Francisco 49ers",
  "azcardinals": "Arizona Cardinals",
  "falcons": "Atlanta Falcons",
  "bengals": "Cincinnati Bengals",
  "buffalobills": "Buffalo Bills",
  "panthers": "Carolina Panthers",
  "chibears": "Chicago Bears",
  "browns": "Cleveland Browns",
  "cowboys": "Dallas Cowboys",
  "denverbroncos": "Denver Broncos",
  "detroitlions": "Detroit Lions",
  "greenbaypackers": "Green Bay Packers",
  "texans": "Houston Texans",
  "colts": "Indianapolis Colts",
  "jaguars": "Jacksonville Jaguars",
  "kansascitychiefs": "Kansas City Chiefs",
  "raiders": "Las Vegas Raiders",
  "chargers": "Los Angeles Chargers",
  "losangelesrams": "Los Angeles Rams",
  "miamidolphins": "Miami Dolphins",
  "minnesotavikings": "Minnesota Vikings",
  "patriots": "New England Patriots",
  "saints": "New Orleans Saints",
  "nygiants": "New York Giants",
  "nyjets": "New York Jets",
  "eagles": "Philadelphia Eagles",
  "steelers": "Pittsburgh Steelers",
  "ravens": "Baltimore Ravens",
  "seahawks": "Seattle Seahawks",
  "buccaneers": "Tampa Bay Buccaneers",
  "tennesseetitans": "Tennessee Titans",
  "commanders": "Washington Commanders",
  "atlantahawks": "Atlanta Hawks",
  "bostonceltics": "Boston Celtics",
  "GoNets": "Brooklyn Nets",
  "charlottehornets": "Charlotte Hornets",
  "chicagobulls": "Chicago Bulls",
  "clevelandcavs": "Cleveland Cavaliers",
  "mavericks": "Dallas Mavericks",
  "denvernuggets": "Denver Nuggets",
  "detroitpistons": "Detroit Pistons",
  "warriors": "Golden State Warriors",
  "rockets": "Houston Rockets",
  "pacers": "Indiana Pacers",
  "LAClippers": "Los Angeles Clippers",
  "lakers": "Los Angeles Lakers",
  "memphisgrizzlies": "Memphis Grizzlies",
  "heat": "Miami Heat",
  "MkeBucks": "Milwaukee Bucks",
  "timberwolves": "Minnesota Timberwolves",
  "nolapelicans": "New Orleans Pelicans",
  "nyknicks": "New York Knicks",
  "okcthunder": "Oklahoma City Thunder",
  "orlandomagic": "Orlando Magic",
  "sixers": "Philadelphia 76ers",
  "suns": "Phoenix Suns",
  "ripcity": "Portland Trail Blazers",
  "kings": "Sacramento Kings",
  "nbaspurs": "San Antonio Spurs",
  "torontoraptors": "Toronto Raptors",
  "utahjazz": "Utah Jazz",
  "washingtonwizards": "Washington Wizards",
  "angelsbaseball": "Los Angeles Angels",
  "azdiamondbacks": "Arizona Diamondbacks",
  "braves": "Atlanta Braves",
  "orioles": "Baltimore Orioles",
  "redsox": "Boston Red Sox",
  "chicubs": "Chicago Cubs",
  "whitesox": "Chicago White Sox",
  "reds": "Cincinnati Reds",
  "guardians": "Cleveland Guardians",
  "coloradorockies": "Colorado Rockies",
  "motorcitykitties": "Detroit Tigers",
  "astros": "Houston Astros",
  "dodgers": "Los Angeles Dodgers",
  "marlins": "Miami Marlins",
  "brewers": "Milwaukee Brewers",
  "twins": "Minnesota Twins",
  "newyorkmets": "New York Mets",
  "nyyankees": "New York Yankees",
  "athletics": "Oakland Athletics",
  "phillies": "Philadelphia Phillies",
  "pirates": "Pittsburgh Pirates",
  "padres": "San Diego Padres",
  "sfgiants": "San Francisco Giants",
  "cardinals": "St. Louis Cardinals",
  "rays": "Tampa Bay Rays",
  "texasrangers": "Texas Rangers",
  "bluejays": "Toronto Blue Jays",
  "royals": "Kansas City Royals",
  "mariners": "Seattle Mariners",
  "nationals": "Washington Nationals",
  "anaheimducks": "Anaheim Ducks",
  "coyotes": "Arizona Coyotes",
  "bostonbruins": "Boston Bruins",
  "sabres": "Buffalo Sabres",
  "calgaryflames": "Calgary Flames",
  "canes": "Carolina Hurricanes",
  "hawks": "Chicago Blackhawks",
  "coloradoavalanche": "Colorado Avalanche",
  "bluejackets": "Columbus Blue Jackets",
  "dallasstars": "Dallas Stars",
  "detroitredwings": "Detroit Red Wings",
  "edmontonoilers": "Edmonton Oilers",
  "floridapanthers": "Florida Panthers",
  "lakings": "Los Angeles Kings",
  "wildhockey": "Minnesota Wild",
  "habs": "Montreal Canadiens",
  "predators": "Nashville Predators",
  "devils": "New Jersey Devils",
  "newyorkislanders": "New York Islanders",
  "nyrangers": "New York Rangers",
  "ottawasenators": "Ottawa Senators",
  "flyers": "Philadelphia Flyers",
  "penguins": "Pittsburgh Penguins",
  "sanjosesharks": "San Jose Sharks",
  "seattlekraken": "Seattle Kraken",
  "stlouisblues": "St. Louis Blues",
  "tampabaylightning": "Tampa Bay Lightning",
  "leafs": "Toronto Maple Leafs",
  "canucks": "Vancouver Canucks",
  "goldenknights": "Vegas Golden Knights",
  "caps": "Washington Capitals",
  "winnipegjets": "Winnipeg Jets",
  "utahhc": "Utah Hockey Club",
  "atlantaunited": "Atlanta United FC",
  "austinfc": "Austin FC",
  "cfmontreal": "CF Montréal",
  "charlottefc": "Charlotte FC",
  "chicagofire": "Chicago Fire FC",
  "columbuscrew": "Columbus Crew",
  "coloradorapids": "Colorado Rapids",
  "dcunited": "D.C. United",
  "fcdallas": "FC Dallas",
  "fccincinnati": "FC Cincinnati",
  "houstondynamo": "Houston Dynamo FC",
  "intermiami": "Inter Miami CF",
  "lagalaxy": "LA Galaxy",
  "lafc": "Los Angeles FC",
  "mnufc": "Minnesota United FC",
  "nashvillesc": "Nashville SC",
  "newenglandrevolution": "New England Revolution",
  "nycfc": "New York City FC",
  "rbny": "New York Red Bulls",
  "orlandocity": "Orlando City SC",
  "phillyunion": "Philadelphia Union",
  "realsaltlake": "Real Salt Lake",
  "sandiegofc": "San Diego FC",
  "sjearthquakes": "San Jose Earthquakes",
  "soundersfc": "Seattle Sounders FC",
  "sportingkc": "Sporting Kansas City",
  "stlouiscity": "St. Louis City SC",
  "torontofc": "Toronto FC",
  "vancouverwhitecaps": "Vancouver Whitecaps FC"
}